Title,Link,Description
Introduction to Python,https://www.w3schools.com/python/python_intro.asp,No Description
,"https://www.teradata.com/glossary/what-is-python#:~:text=Python%20is%20an%20interpreted%2C%20object,British%20comedy%20group%20Monty%20Python.",
,"https://www.coursera.org/articles/what-is-python-used-for-a-beginners-guide-to-using-python#:~:text=Python%20is%20commonly%20used%20for,everyday%20tasks%2C%20like%20organizing%20finances.",
,"https://www.coursera.org/in/articles/what-is-python-used-for-a-beginners-guide-to-using-python#:~:text=Python%20is%20a%20computer%20programming,used%20to%20create%20various%20programmes.",
,https://learn.microsoft.com/en-us/training/paths/beginner-python/,
What is Python? Executive Summary,https://www.python.org/doc/essays/blurb/,No Description
What is Python? - Python Programming Language Explained,https://aws.amazon.com/what-is/python/,No Description
Python (programming language),https://en.wikipedia.org/wiki/Python_(programming_language),No Description
What Is Python Used For? A Beginner's Guide,https://www.coursera.org/in/articles/what-is-python-used-for-a-beginners-guide-to-using-python,No Description
What is Python? Its Uses and Applications,https://www.geeksforgeeks.org/what-is-python/,No Description
Python Tutorial | Learn Python Programming Language,https://www.geeksforgeeks.org/python-programming-language-tutorial/,No Description
What is Python Used For?,https://www.codecademy.com/resources/blog/what-is-python-used-for/,No Description
What is the Python programming language?,https://www.techtarget.com/whatis/definition/Python,No Description
What is Python? Everything You Need to Know to Get Started,https://www.datacamp.com/blog/all-about-python-the-most-versatile-programming-language,No Description
